msrgb.jpg,msrbg.json,rbg.jpg,rgb.json
Hosted-Datasets/fmow/fmow-rgb/val/single-unit_residential/single-unit_residential_275/single-unit_residential_275_11_msrgb.jpg,Hosted-Datasets/fmow/fmow-rgb/val/single-unit_residential/single-unit_residential_275/single-unit_residential_275_11_msrgb.json,Hosted-Datasets/fmow/fmow-rgb/val/single-unit_residential/single-unit_residential_275/single-unit_residential_275_11_rgb.jpg,Hosted-Datasets/fmow/fmow-rgb/val/single-unit_residential/single-unit_residential_275/single-unit_residential_275_11_rgb.json
Hosted-Datasets/fmow/fmow-rgb/val/crop_field/crop_field_340/crop_field_340_5_msrgb.jpg,Hosted-Datasets/fmow/fmow-rgb/val/crop_field/crop_field_340/crop_field_340_5_msrgb.json,Hosted-Datasets/fmow/fmow-rgb/val/crop_field/crop_field_340/crop_field_340_5_rgb.jpg,Hosted-Datasets/fmow/fmow-rgb/val/crop_field/crop_field_340/crop_field_340_5_rgb.json
Hosted-Datasets/fmow/fmow-rgb/val/amusement_park/amusement_park_126/amusement_park_126_4_msrgb.jpg,Hosted-Datasets/fmow/fmow-rgb/val/amusement_park/amusement_park_126/amusement_park_126_4_msrgb.json,Hosted-Datasets/fmow/fmow-rgb/val/amusement_park/amusement_park_126/amusement_park_126_4_rgb.jpg,Hosted-Datasets/fmow/fmow-rgb/val/amusement_park/amusement_park_126/amusement_park_126_4_rgb.json
Hosted-Datasets/fmow/fmow-rgb/val/toll_booth/toll_booth_85/toll_booth_85_3_msrgb.jpg,Hosted-Datasets/fmow/fmow-rgb/val/toll_booth/toll_booth_85/toll_booth_85_3_msrgb.json,Hosted-Datasets/fmow/fmow-rgb/val/toll_booth/toll_booth_85/toll_booth_85_3_rgb.jpg,Hosted-Datasets/fmow/fmow-rgb/val/toll_booth/toll_booth_85/toll_booth_85_3_rgb.json
Hosted-Datasets/fmow/fmow-rgb/val/ground_transportation_station/ground_transportation_station_54/ground_transportation_station_54_6_msrgb.jpg,Hosted-Datasets/fmow/fmow-rgb/val/ground_transportation_station/ground_transportation_station_54/ground_transportation_station_54_6_msrgb.json,Hosted-Datasets/fmow/fmow-rgb/val/ground_transportation_station/ground_transportation_station_54/ground_transportation_station_54_6_rgb.jpg,Hosted-Datasets/fmow/fmow-rgb/val/ground_transportation_station/ground_transportation_station_54/ground_transportation_station_54_6_rgb.json
Hosted-Datasets/fmow/fmow-rgb/val/gas_station/gas_station_61/gas_station_61_3_msrgb.jpg,Hosted-Datasets/fmow/fmow-rgb/val/gas_station/gas_station_61/gas_station_61_3_msrgb.json,Hosted-Datasets/fmow/fmow-rgb/val/gas_station/gas_station_61/gas_station_61_3_rgb.jpg,Hosted-Datasets/fmow/fmow-rgb/val/gas_station/gas_station_61/gas_station_61_3_rgb.json
Hosted-Datasets/fmow/fmow-rgb/val/flooded_road/flooded_road_75/flooded_road_75_3_msrgb.jpg,Hosted-Datasets/fmow/fmow-rgb/val/flooded_road/flooded_road_75/flooded_road_75_3_msrgb.json,Hosted-Datasets/fmow/fmow-rgb/val/flooded_road/flooded_road_75/flooded_road_75_3_rgb.jpg,Hosted-Datasets/fmow/fmow-rgb/val/flooded_road/flooded_road_75/flooded_road_75_3_rgb.json
Hosted-Datasets/fmow/fmow-rgb/val/crop_field/crop_field_875/crop_field_875_1_msrgb.jpg,Hosted-Datasets/fmow/fmow-rgb/val/crop_field/crop_field_875/crop_field_875_1_msrgb.json,Hosted-Datasets/fmow/fmow-rgb/val/crop_field/crop_field_875/crop_field_875_1_rgb.jpg,Hosted-Datasets/fmow/fmow-rgb/val/crop_field/crop_field_875/crop_field_875_1_rgb.json
Hosted-Datasets/fmow/fmow-rgb/val/toll_booth/toll_booth_32/toll_booth_32_0_msrgb.jpg,Hosted-Datasets/fmow/fmow-rgb/val/toll_booth/toll_booth_32/toll_booth_32_0_msrgb.json,Hosted-Datasets/fmow/fmow-rgb/val/toll_booth/toll_booth_32/toll_booth_32_0_rgb.jpg,Hosted-Datasets/fmow/fmow-rgb/val/toll_booth/toll_booth_32/toll_booth_32_0_rgb.json
Hosted-Datasets/fmow/fmow-rgb/val/crop_field/crop_field_222/crop_field_222_3_msrgb.jpg,Hosted-Datasets/fmow/fmow-rgb/val/crop_field/crop_field_222/crop_field_222_3_msrgb.json,Hosted-Datasets/fmow/fmow-rgb/val/crop_field/crop_field_222/crop_field_222_3_rgb.jpg,Hosted-Datasets/fmow/fmow-rgb/val/crop_field/crop_field_222/crop_field_222_3_rgb.json
Hosted-Datasets/fmow/fmow-rgb/val/stadium/stadium_27/stadium_27_5_msrgb.jpg,Hosted-Datasets/fmow/fmow-rgb/val/stadium/stadium_27/stadium_27_5_msrgb.json,Hosted-Datasets/fmow/fmow-rgb/val/stadium/stadium_27/stadium_27_5_rgb.jpg,Hosted-Datasets/fmow/fmow-rgb/val/stadium/stadium_27/stadium_27_5_rgb.json
Hosted-Datasets/fmow/fmow-rgb/val/toll_booth/toll_booth_74/toll_booth_74_1_msrgb.jpg,Hosted-Datasets/fmow/fmow-rgb/val/toll_booth/toll_booth_74/toll_booth_74_1_msrgb.json,Hosted-Datasets/fmow/fmow-rgb/val/toll_booth/toll_booth_74/toll_booth_74_1_rgb.jpg,Hosted-Datasets/fmow/fmow-rgb/val/toll_booth/toll_booth_74/toll_booth_74_1_rgb.json
Hosted-Datasets/fmow/fmow-rgb/val/recreational_facility/recreational_facility_214/recreational_facility_214_3_msrgb.jpg,Hosted-Datasets/fmow/fmow-rgb/val/recreational_facility/recreational_facility_214/recreational_facility_214_3_msrgb.json,Hosted-Datasets/fmow/fmow-rgb/val/recreational_facility/recreational_facility_214/recreational_facility_214_3_rgb.jpg,Hosted-Datasets/fmow/fmow-rgb/val/recreational_facility/recreational_facility_214/recreational_facility_214_3_rgb.json
Hosted-Datasets/fmow/fmow-rgb/val/construction_site/construction_site_37/construction_site_37_8_msrgb.jpg,Hosted-Datasets/fmow/fmow-rgb/val/construction_site/construction_site_37/construction_site_37_8_msrgb.json,Hosted-Datasets/fmow/fmow-rgb/val/construction_site/construction_site_37/construction_site_37_8_rgb.jpg,Hosted-Datasets/fmow/fmow-rgb/val/construction_site/construction_site_37/construction_site_37_8_rgb.json
Hosted-Datasets/fmow/fmow-rgb/val/recreational_facility/recreational_facility_723/recreational_facility_723_0_msrgb.jpg,Hosted-Datasets/fmow/fmow-rgb/val/recreational_facility/recreational_facility_723/recreational_facility_723_0_msrgb.json,Hosted-Datasets/fmow/fmow-rgb/val/recreational_facility/recreational_facility_723/recreational_facility_723_0_rgb.jpg,Hosted-Datasets/fmow/fmow-rgb/val/recreational_facility/recreational_facility_723/recreational_facility_723_0_rgb.json
Hosted-Datasets/fmow/fmow-rgb/val/parking_lot_or_garage/parking_lot_or_garage_308/parking_lot_or_garage_308_1_msrgb.jpg,Hosted-Datasets/fmow/fmow-rgb/val/parking_lot_or_garage/parking_lot_or_garage_308/parking_lot_or_garage_308_1_msrgb.json,Hosted-Datasets/fmow/fmow-rgb/val/parking_lot_or_garage/parking_lot_or_garage_308/parking_lot_or_garage_308_1_rgb.jpg,Hosted-Datasets/fmow/fmow-rgb/val/parking_lot_or_garage/parking_lot_or_garage_308/parking_lot_or_garage_308_1_rgb.json
Hosted-Datasets/fmow/fmow-rgb/val/amusement_park/amusement_park_47/amusement_park_47_0_msrgb.jpg,Hosted-Datasets/fmow/fmow-rgb/val/amusement_park/amusement_park_47/amusement_park_47_0_msrgb.json,Hosted-Datasets/fmow/fmow-rgb/val/amusement_park/amusement_park_47/amusement_park_47_0_rgb.jpg,Hosted-Datasets/fmow/fmow-rgb/val/amusement_park/amusement_park_47/amusement_park_47_0_rgb.json
Hosted-Datasets/fmow/fmow-rgb/val/amusement_park/amusement_park_30/amusement_park_30_0_msrgb.jpg,Hosted-Datasets/fmow/fmow-rgb/val/amusement_park/amusement_park_30/amusement_park_30_0_msrgb.json,Hosted-Datasets/fmow/fmow-rgb/val/amusement_park/amusement_park_30/amusement_park_30_0_rgb.jpg,Hosted-Datasets/fmow/fmow-rgb/val/amusement_park/amusement_park_30/amusement_park_30_0_rgb.json
Hosted-Datasets/fmow/fmow-rgb/val/crop_field/crop_field_1075/crop_field_1075_1_msrgb.jpg,Hosted-Datasets/fmow/fmow-rgb/val/crop_field/crop_field_1075/crop_field_1075_1_msrgb.json,Hosted-Datasets/fmow/fmow-rgb/val/crop_field/crop_field_1075/crop_field_1075_1_rgb.jpg,Hosted-Datasets/fmow/fmow-rgb/val/crop_field/crop_field_1075/crop_field_1075_1_rgb.json
Hosted-Datasets/fmow/fmow-rgb/val/flooded_road/flooded_road_12/flooded_road_12_0_msrgb.jpg,Hosted-Datasets/fmow/fmow-rgb/val/flooded_road/flooded_road_12/flooded_road_12_0_msrgb.json,Hosted-Datasets/fmow/fmow-rgb/val/flooded_road/flooded_road_12/flooded_road_12_0_rgb.jpg,Hosted-Datasets/fmow/fmow-rgb/val/flooded_road/flooded_road_12/flooded_road_12_0_rgb.json
Hosted-Datasets/fmow/fmow-rgb/val/fountain/fountain_60/fountain_60_2_msrgb.jpg,Hosted-Datasets/fmow/fmow-rgb/val/fountain/fountain_60/fountain_60_2_msrgb.json,Hosted-Datasets/fmow/fmow-rgb/val/fountain/fountain_60/fountain_60_2_rgb.jpg,Hosted-Datasets/fmow/fmow-rgb/val/fountain/fountain_60/fountain_60_2_rgb.json
Hosted-Datasets/fmow/fmow-rgb/val/prison/prison_85/prison_85_3_msrgb.jpg,Hosted-Datasets/fmow/fmow-rgb/val/prison/prison_85/prison_85_3_msrgb.json,Hosted-Datasets/fmow/fmow-rgb/val/prison/prison_85/prison_85_3_rgb.jpg,Hosted-Datasets/fmow/fmow-rgb/val/prison/prison_85/prison_85_3_rgb.json
Hosted-Datasets/fmow/fmow-rgb/val/road_bridge/road_bridge_50/road_bridge_50_4_msrgb.jpg,Hosted-Datasets/fmow/fmow-rgb/val/road_bridge/road_bridge_50/road_bridge_50_4_msrgb.json,Hosted-Datasets/fmow/fmow-rgb/val/road_bridge/road_bridge_50/road_bridge_50_4_rgb.jpg,Hosted-Datasets/fmow/fmow-rgb/val/road_bridge/road_bridge_50/road_bridge_50_4_rgb.json
Hosted-Datasets/fmow/fmow-rgb/val/amusement_park/amusement_park_162/amusement_park_162_1_msrgb.jpg,Hosted-Datasets/fmow/fmow-rgb/val/amusement_park/amusement_park_162/amusement_park_162_1_msrgb.json,Hosted-Datasets/fmow/fmow-rgb/val/amusement_park/amusement_park_162/amusement_park_162_1_rgb.jpg,Hosted-Datasets/fmow/fmow-rgb/val/amusement_park/amusement_park_162/amusement_park_162_1_rgb.json
Hosted-Datasets/fmow/fmow-rgb/val/recreational_facility/recreational_facility_356/recreational_facility_356_3_msrgb.jpg,Hosted-Datasets/fmow/fmow-rgb/val/recreational_facility/recreational_facility_356/recreational_facility_356_3_msrgb.json,Hosted-Datasets/fmow/fmow-rgb/val/recreational_facility/recreational_facility_356/recreational_facility_356_3_rgb.jpg,Hosted-Datasets/fmow/fmow-rgb/val/recreational_facility/recreational_facility_356/recreational_facility_356_3_rgb.json
Hosted-Datasets/fmow/fmow-rgb/val/electric_substation/electric_substation_98/electric_substation_98_0_msrgb.jpg,Hosted-Datasets/fmow/fmow-rgb/val/electric_substation/electric_substation_98/electric_substation_98_0_msrgb.json,Hosted-Datasets/fmow/fmow-rgb/val/electric_substation/electric_substation_98/electric_substation_98_0_rgb.jpg,Hosted-Datasets/fmow/fmow-rgb/val/electric_substation/electric_substation_98/electric_substation_98_0_rgb.json
Hosted-Datasets/fmow/fmow-rgb/val/swimming_pool/swimming_pool_14/swimming_pool_14_3_msrgb.jpg,Hosted-Datasets/fmow/fmow-rgb/val/swimming_pool/swimming_pool_14/swimming_pool_14_3_msrgb.json,Hosted-Datasets/fmow/fmow-rgb/val/swimming_pool/swimming_pool_14/swimming_pool_14_3_rgb.jpg,Hosted-Datasets/fmow/fmow-rgb/val/swimming_pool/swimming_pool_14/swimming_pool_14_3_rgb.json
Hosted-Datasets/fmow/fmow-rgb/val/single-unit_residential/single-unit_residential_68/single-unit_residential_68_3_msrgb.jpg,Hosted-Datasets/fmow/fmow-rgb/val/single-unit_residential/single-unit_residential_68/single-unit_residential_68_3_msrgb.json,Hosted-Datasets/fmow/fmow-rgb/val/single-unit_residential/single-unit_residential_68/single-unit_residential_68_3_rgb.jpg,Hosted-Datasets/fmow/fmow-rgb/val/single-unit_residential/single-unit_residential_68/single-unit_residential_68_3_rgb.json
Hosted-Datasets/fmow/fmow-rgb/val/surface_mine/surface_mine_14/surface_mine_14_4_msrgb.jpg,Hosted-Datasets/fmow/fmow-rgb/val/surface_mine/surface_mine_14/surface_mine_14_4_msrgb.json,Hosted-Datasets/fmow/fmow-rgb/val/surface_mine/surface_mine_14/surface_mine_14_4_rgb.jpg,Hosted-Datasets/fmow/fmow-rgb/val/surface_mine/surface_mine_14/surface_mine_14_4_rgb.json
Hosted-Datasets/fmow/fmow-rgb/val/recreational_facility/recreational_facility_211/recreational_facility_211_1_msrgb.jpg,Hosted-Datasets/fmow/fmow-rgb/val/recreational_facility/recreational_facility_211/recreational_facility_211_1_msrgb.json,Hosted-Datasets/fmow/fmow-rgb/val/recreational_facility/recreational_facility_211/recreational_facility_211_1_rgb.jpg,Hosted-Datasets/fmow/fmow-rgb/val/recreational_facility/recreational_facility_211/recreational_facility_211_1_rgb.json
Hosted-Datasets/fmow/fmow-rgb/val/parking_lot_or_garage/parking_lot_or_garage_25/parking_lot_or_garage_25_4_msrgb.jpg,Hosted-Datasets/fmow/fmow-rgb/val/parking_lot_or_garage/parking_lot_or_garage_25/parking_lot_or_garage_25_4_msrgb.json,Hosted-Datasets/fmow/fmow-rgb/val/parking_lot_or_garage/parking_lot_or_garage_25/parking_lot_or_garage_25_4_rgb.jpg,Hosted-Datasets/fmow/fmow-rgb/val/parking_lot_or_garage/parking_lot_or_garage_25/parking_lot_or_garage_25_4_rgb.json
Hosted-Datasets/fmow/fmow-rgb/val/flooded_road/flooded_road_30/flooded_road_30_8_msrgb.jpg,Hosted-Datasets/fmow/fmow-rgb/val/flooded_road/flooded_road_30/flooded_road_30_8_msrgb.json,Hosted-Datasets/fmow/fmow-rgb/val/flooded_road/flooded_road_30/flooded_road_30_8_rgb.jpg,Hosted-Datasets/fmow/fmow-rgb/val/flooded_road/flooded_road_30/flooded_road_30_8_rgb.json
Hosted-Datasets/fmow/fmow-rgb/val/place_of_worship/place_of_worship_223/place_of_worship_223_3_msrgb.jpg,Hosted-Datasets/fmow/fmow-rgb/val/place_of_worship/place_of_worship_223/place_of_worship_223_3_msrgb.json,Hosted-Datasets/fmow/fmow-rgb/val/place_of_worship/place_of_worship_223/place_of_worship_223_3_rgb.jpg,Hosted-Datasets/fmow/fmow-rgb/val/place_of_worship/place_of_worship_223/place_of_worship_223_3_rgb.json
Hosted-Datasets/fmow/fmow-rgb/val/recreational_facility/recreational_facility_691/recreational_facility_691_2_msrgb.jpg,Hosted-Datasets/fmow/fmow-rgb/val/recreational_facility/recreational_facility_691/recreational_facility_691_2_msrgb.json,Hosted-Datasets/fmow/fmow-rgb/val/recreational_facility/recreational_facility_691/recreational_facility_691_2_rgb.jpg,Hosted-Datasets/fmow/fmow-rgb/val/recreational_facility/recreational_facility_691/recreational_facility_691_2_rgb.json
Hosted-Datasets/fmow/fmow-rgb/val/ground_transportation_station/ground_transportation_station_77/ground_transportation_station_77_7_msrgb.jpg,Hosted-Datasets/fmow/fmow-rgb/val/ground_transportation_station/ground_transportation_station_77/ground_transportation_station_77_7_msrgb.json,Hosted-Datasets/fmow/fmow-rgb/val/ground_transportation_station/ground_transportation_station_77/ground_transportation_station_77_7_rgb.jpg,Hosted-Datasets/fmow/fmow-rgb/val/ground_transportation_station/ground_transportation_station_77/ground_transportation_station_77_7_rgb.json
Hosted-Datasets/fmow/fmow-rgb/val/airport_hangar/airport_hangar_162/airport_hangar_162_0_msrgb.jpg,Hosted-Datasets/fmow/fmow-rgb/val/airport_hangar/airport_hangar_162/airport_hangar_162_0_msrgb.json,Hosted-Datasets/fmow/fmow-rgb/val/airport_hangar/airport_hangar_162/airport_hangar_162_0_rgb.jpg,Hosted-Datasets/fmow/fmow-rgb/val/airport_hangar/airport_hangar_162/airport_hangar_162_0_rgb.json
Hosted-Datasets/fmow/fmow-rgb/val/tower/tower_99/tower_99_1_msrgb.jpg,Hosted-Datasets/fmow/fmow-rgb/val/tower/tower_99/tower_99_1_msrgb.json,Hosted-Datasets/fmow/fmow-rgb/val/tower/tower_99/tower_99_1_rgb.jpg,Hosted-Datasets/fmow/fmow-rgb/val/tower/tower_99/tower_99_1_rgb.json
Hosted-Datasets/fmow/fmow-rgb/val/zoo/zoo_1/zoo_1_7_msrgb.jpg,Hosted-Datasets/fmow/fmow-rgb/val/zoo/zoo_1/zoo_1_7_msrgb.json,Hosted-Datasets/fmow/fmow-rgb/val/zoo/zoo_1/zoo_1_7_rgb.jpg,Hosted-Datasets/fmow/fmow-rgb/val/zoo/zoo_1/zoo_1_7_rgb.json
Hosted-Datasets/fmow/fmow-rgb/val/debris_or_rubble/debris_or_rubble_7/debris_or_rubble_7_10_msrgb.jpg,Hosted-Datasets/fmow/fmow-rgb/val/debris_or_rubble/debris_or_rubble_7/debris_or_rubble_7_10_msrgb.json,Hosted-Datasets/fmow/fmow-rgb/val/debris_or_rubble/debris_or_rubble_7/debris_or_rubble_7_10_rgb.jpg,Hosted-Datasets/fmow/fmow-rgb/val/debris_or_rubble/debris_or_rubble_7/debris_or_rubble_7_10_rgb.json
Hosted-Datasets/fmow/fmow-rgb/val/storage_tank/storage_tank_88/storage_tank_88_9_msrgb.jpg,Hosted-Datasets/fmow/fmow-rgb/val/storage_tank/storage_tank_88/storage_tank_88_9_msrgb.json,Hosted-Datasets/fmow/fmow-rgb/val/storage_tank/storage_tank_88/storage_tank_88_9_rgb.jpg,Hosted-Datasets/fmow/fmow-rgb/val/storage_tank/storage_tank_88/storage_tank_88_9_rgb.json
Hosted-Datasets/fmow/fmow-rgb/val/parking_lot_or_garage/parking_lot_or_garage_312/parking_lot_or_garage_312_0_msrgb.jpg,Hosted-Datasets/fmow/fmow-rgb/val/parking_lot_or_garage/parking_lot_or_garage_312/parking_lot_or_garage_312_0_msrgb.json,Hosted-Datasets/fmow/fmow-rgb/val/parking_lot_or_garage/parking_lot_or_garage_312/parking_lot_or_garage_312_0_rgb.jpg,Hosted-Datasets/fmow/fmow-rgb/val/parking_lot_or_garage/parking_lot_or_garage_312/parking_lot_or_garage_312_0_rgb.json
Hosted-Datasets/fmow/fmow-rgb/val/military_facility/military_facility_253/military_facility_253_0_msrgb.jpg,Hosted-Datasets/fmow/fmow-rgb/val/military_facility/military_facility_253/military_facility_253_0_msrgb.json,Hosted-Datasets/fmow/fmow-rgb/val/military_facility/military_facility_253/military_facility_253_0_rgb.jpg,Hosted-Datasets/fmow/fmow-rgb/val/military_facility/military_facility_253/military_facility_253_0_rgb.json
Hosted-Datasets/fmow/fmow-rgb/val/ground_transportation_station/ground_transportation_station_75/ground_transportation_station_75_2_msrgb.jpg,Hosted-Datasets/fmow/fmow-rgb/val/ground_transportation_station/ground_transportation_station_75/ground_transportation_station_75_2_msrgb.json,Hosted-Datasets/fmow/fmow-rgb/val/ground_transportation_station/ground_transportation_station_75/ground_transportation_station_75_2_rgb.jpg,Hosted-Datasets/fmow/fmow-rgb/val/ground_transportation_station/ground_transportation_station_75/ground_transportation_station_75_2_rgb.json
Hosted-Datasets/fmow/fmow-rgb/val/debris_or_rubble/debris_or_rubble_10/debris_or_rubble_10_4_msrgb.jpg,Hosted-Datasets/fmow/fmow-rgb/val/debris_or_rubble/debris_or_rubble_10/debris_or_rubble_10_4_msrgb.json,Hosted-Datasets/fmow/fmow-rgb/val/debris_or_rubble/debris_or_rubble_10/debris_or_rubble_10_4_rgb.jpg,Hosted-Datasets/fmow/fmow-rgb/val/debris_or_rubble/debris_or_rubble_10/debris_or_rubble_10_4_rgb.json
Hosted-Datasets/fmow/fmow-rgb/val/fire_station/fire_station_6/fire_station_6_0_msrgb.jpg,Hosted-Datasets/fmow/fmow-rgb/val/fire_station/fire_station_6/fire_station_6_0_msrgb.json,Hosted-Datasets/fmow/fmow-rgb/val/fire_station/fire_station_6/fire_station_6_0_rgb.jpg,Hosted-Datasets/fmow/fmow-rgb/val/fire_station/fire_station_6/fire_station_6_0_rgb.json
Hosted-Datasets/fmow/fmow-rgb/val/tunnel_opening/tunnel_opening_165/tunnel_opening_165_8_msrgb.jpg,Hosted-Datasets/fmow/fmow-rgb/val/tunnel_opening/tunnel_opening_165/tunnel_opening_165_8_msrgb.json,Hosted-Datasets/fmow/fmow-rgb/val/tunnel_opening/tunnel_opening_165/tunnel_opening_165_8_rgb.jpg,Hosted-Datasets/fmow/fmow-rgb/val/tunnel_opening/tunnel_opening_165/tunnel_opening_165_8_rgb.json
Hosted-Datasets/fmow/fmow-rgb/val/military_facility/military_facility_21/military_facility_21_10_msrgb.jpg,Hosted-Datasets/fmow/fmow-rgb/val/military_facility/military_facility_21/military_facility_21_10_msrgb.json,Hosted-Datasets/fmow/fmow-rgb/val/military_facility/military_facility_21/military_facility_21_10_rgb.jpg,Hosted-Datasets/fmow/fmow-rgb/val/military_facility/military_facility_21/military_facility_21_10_rgb.json
Hosted-Datasets/fmow/fmow-rgb/val/crop_field/crop_field_218/crop_field_218_3_msrgb.jpg,Hosted-Datasets/fmow/fmow-rgb/val/crop_field/crop_field_218/crop_field_218_3_msrgb.json,Hosted-Datasets/fmow/fmow-rgb/val/crop_field/crop_field_218/crop_field_218_3_rgb.jpg,Hosted-Datasets/fmow/fmow-rgb/val/crop_field/crop_field_218/crop_field_218_3_rgb.json
Hosted-Datasets/fmow/fmow-rgb/val/crop_field/crop_field_1042/crop_field_1042_0_msrgb.jpg,Hosted-Datasets/fmow/fmow-rgb/val/crop_field/crop_field_1042/crop_field_1042_0_msrgb.json,Hosted-Datasets/fmow/fmow-rgb/val/crop_field/crop_field_1042/crop_field_1042_0_rgb.jpg,Hosted-Datasets/fmow/fmow-rgb/val/crop_field/crop_field_1042/crop_field_1042_0_rgb.json
Hosted-Datasets/fmow/fmow-rgb/val/office_building/office_building_48/office_building_48_9_msrgb.jpg,Hosted-Datasets/fmow/fmow-rgb/val/office_building/office_building_48/office_building_48_9_msrgb.json,Hosted-Datasets/fmow/fmow-rgb/val/office_building/office_building_48/office_building_48_9_rgb.jpg,Hosted-Datasets/fmow/fmow-rgb/val/office_building/office_building_48/office_building_48_9_rgb.json
Hosted-Datasets/fmow/fmow-rgb/val/crop_field/crop_field_140/crop_field_140_1_msrgb.jpg,Hosted-Datasets/fmow/fmow-rgb/val/crop_field/crop_field_140/crop_field_140_1_msrgb.json,Hosted-Datasets/fmow/fmow-rgb/val/crop_field/crop_field_140/crop_field_140_1_rgb.jpg,Hosted-Datasets/fmow/fmow-rgb/val/crop_field/crop_field_140/crop_field_140_1_rgb.json
Hosted-Datasets/fmow/fmow-rgb/val/multi-unit_residential/multi-unit_residential_147/multi-unit_residential_147_0_msrgb.jpg,Hosted-Datasets/fmow/fmow-rgb/val/multi-unit_residential/multi-unit_residential_147/multi-unit_residential_147_0_msrgb.json,Hosted-Datasets/fmow/fmow-rgb/val/multi-unit_residential/multi-unit_residential_147/multi-unit_residential_147_0_rgb.jpg,Hosted-Datasets/fmow/fmow-rgb/val/multi-unit_residential/multi-unit_residential_147/multi-unit_residential_147_0_rgb.json
Hosted-Datasets/fmow/fmow-rgb/val/military_facility/military_facility_31/military_facility_31_4_msrgb.jpg,Hosted-Datasets/fmow/fmow-rgb/val/military_facility/military_facility_31/military_facility_31_4_msrgb.json,Hosted-Datasets/fmow/fmow-rgb/val/military_facility/military_facility_31/military_facility_31_4_rgb.jpg,Hosted-Datasets/fmow/fmow-rgb/val/military_facility/military_facility_31/military_facility_31_4_rgb.json
Hosted-Datasets/fmow/fmow-rgb/val/road_bridge/road_bridge_7/road_bridge_7_1_msrgb.jpg,Hosted-Datasets/fmow/fmow-rgb/val/road_bridge/road_bridge_7/road_bridge_7_1_msrgb.json,Hosted-Datasets/fmow/fmow-rgb/val/road_bridge/road_bridge_7/road_bridge_7_1_rgb.jpg,Hosted-Datasets/fmow/fmow-rgb/val/road_bridge/road_bridge_7/road_bridge_7_1_rgb.json
Hosted-Datasets/fmow/fmow-rgb/val/ground_transportation_station/ground_transportation_station_162/ground_transportation_station_162_12_msrgb.jpg,Hosted-Datasets/fmow/fmow-rgb/val/ground_transportation_station/ground_transportation_station_162/ground_transportation_station_162_12_msrgb.json,Hosted-Datasets/fmow/fmow-rgb/val/ground_transportation_station/ground_transportation_station_162/ground_transportation_station_162_12_rgb.jpg,Hosted-Datasets/fmow/fmow-rgb/val/ground_transportation_station/ground_transportation_station_162/ground_transportation_station_162_12_rgb.json
Hosted-Datasets/fmow/fmow-rgb/val/zoo/zoo_24/zoo_24_0_msrgb.jpg,Hosted-Datasets/fmow/fmow-rgb/val/zoo/zoo_24/zoo_24_0_msrgb.json,Hosted-Datasets/fmow/fmow-rgb/val/zoo/zoo_24/zoo_24_0_rgb.jpg,Hosted-Datasets/fmow/fmow-rgb/val/zoo/zoo_24/zoo_24_0_rgb.json
Hosted-Datasets/fmow/fmow-rgb/val/archaeological_site/archaeological_site_56/archaeological_site_56_9_msrgb.jpg,Hosted-Datasets/fmow/fmow-rgb/val/archaeological_site/archaeological_site_56/archaeological_site_56_9_msrgb.json,Hosted-Datasets/fmow/fmow-rgb/val/archaeological_site/archaeological_site_56/archaeological_site_56_9_rgb.jpg,Hosted-Datasets/fmow/fmow-rgb/val/archaeological_site/archaeological_site_56/archaeological_site_56_9_rgb.json
Hosted-Datasets/fmow/fmow-rgb/val/swimming_pool/swimming_pool_98/swimming_pool_98_6_msrgb.jpg,Hosted-Datasets/fmow/fmow-rgb/val/swimming_pool/swimming_pool_98/swimming_pool_98_6_msrgb.json,Hosted-Datasets/fmow/fmow-rgb/val/swimming_pool/swimming_pool_98/swimming_pool_98_6_rgb.jpg,Hosted-Datasets/fmow/fmow-rgb/val/swimming_pool/swimming_pool_98/swimming_pool_98_6_rgb.json
Hosted-Datasets/fmow/fmow-rgb/val/place_of_worship/place_of_worship_384/place_of_worship_384_2_msrgb.jpg,Hosted-Datasets/fmow/fmow-rgb/val/place_of_worship/place_of_worship_384/place_of_worship_384_2_msrgb.json,Hosted-Datasets/fmow/fmow-rgb/val/place_of_worship/place_of_worship_384/place_of_worship_384_2_rgb.jpg,Hosted-Datasets/fmow/fmow-rgb/val/place_of_worship/place_of_worship_384/place_of_worship_384_2_rgb.json
Hosted-Datasets/fmow/fmow-rgb/val/recreational_facility/recreational_facility_141/recreational_facility_141_4_msrgb.jpg,Hosted-Datasets/fmow/fmow-rgb/val/recreational_facility/recreational_facility_141/recreational_facility_141_4_msrgb.json,Hosted-Datasets/fmow/fmow-rgb/val/recreational_facility/recreational_facility_141/recreational_facility_141_4_rgb.jpg,Hosted-Datasets/fmow/fmow-rgb/val/recreational_facility/recreational_facility_141/recreational_facility_141_4_rgb.json
Hosted-Datasets/fmow/fmow-rgb/val/crop_field/crop_field_551/crop_field_551_9_msrgb.jpg,Hosted-Datasets/fmow/fmow-rgb/val/crop_field/crop_field_551/crop_field_551_9_msrgb.json,Hosted-Datasets/fmow/fmow-rgb/val/crop_field/crop_field_551/crop_field_551_9_rgb.jpg,Hosted-Datasets/fmow/fmow-rgb/val/crop_field/crop_field_551/crop_field_551_9_rgb.json
Hosted-Datasets/fmow/fmow-rgb/val/office_building/office_building_35/office_building_35_3_msrgb.jpg,Hosted-Datasets/fmow/fmow-rgb/val/office_building/office_building_35/office_building_35_3_msrgb.json,Hosted-Datasets/fmow/fmow-rgb/val/office_building/office_building_35/office_building_35_3_rgb.jpg,Hosted-Datasets/fmow/fmow-rgb/val/office_building/office_building_35/office_building_35_3_rgb.json
Hosted-Datasets/fmow/fmow-rgb/val/car_dealership/car_dealership_47/car_dealership_47_0_msrgb.jpg,Hosted-Datasets/fmow/fmow-rgb/val/car_dealership/car_dealership_47/car_dealership_47_0_msrgb.json,Hosted-Datasets/fmow/fmow-rgb/val/car_dealership/car_dealership_47/car_dealership_47_0_rgb.jpg,Hosted-Datasets/fmow/fmow-rgb/val/car_dealership/car_dealership_47/car_dealership_47_0_rgb.json
Hosted-Datasets/fmow/fmow-rgb/val/recreational_facility/recreational_facility_276/recreational_facility_276_2_msrgb.jpg,Hosted-Datasets/fmow/fmow-rgb/val/recreational_facility/recreational_facility_276/recreational_facility_276_2_msrgb.json,Hosted-Datasets/fmow/fmow-rgb/val/recreational_facility/recreational_facility_276/recreational_facility_276_2_rgb.jpg,Hosted-Datasets/fmow/fmow-rgb/val/recreational_facility/recreational_facility_276/recreational_facility_276_2_rgb.json
Hosted-Datasets/fmow/fmow-rgb/val/hospital/hospital_116/hospital_116_5_msrgb.jpg,Hosted-Datasets/fmow/fmow-rgb/val/hospital/hospital_116/hospital_116_5_msrgb.json,Hosted-Datasets/fmow/fmow-rgb/val/hospital/hospital_116/hospital_116_5_rgb.jpg,Hosted-Datasets/fmow/fmow-rgb/val/hospital/hospital_116/hospital_116_5_rgb.json
Hosted-Datasets/fmow/fmow-rgb/val/single-unit_residential/single-unit_residential_115/single-unit_residential_115_6_msrgb.jpg,Hosted-Datasets/fmow/fmow-rgb/val/single-unit_residential/single-unit_residential_115/single-unit_residential_115_6_msrgb.json,Hosted-Datasets/fmow/fmow-rgb/val/single-unit_residential/single-unit_residential_115/single-unit_residential_115_6_rgb.jpg,Hosted-Datasets/fmow/fmow-rgb/val/single-unit_residential/single-unit_residential_115/single-unit_residential_115_6_rgb.json
Hosted-Datasets/fmow/fmow-rgb/val/shopping_mall/shopping_mall_30/shopping_mall_30_3_msrgb.jpg,Hosted-Datasets/fmow/fmow-rgb/val/shopping_mall/shopping_mall_30/shopping_mall_30_3_msrgb.json,Hosted-Datasets/fmow/fmow-rgb/val/shopping_mall/shopping_mall_30/shopping_mall_30_3_rgb.jpg,Hosted-Datasets/fmow/fmow-rgb/val/shopping_mall/shopping_mall_30/shopping_mall_30_3_rgb.json
Hosted-Datasets/fmow/fmow-rgb/val/multi-unit_residential/multi-unit_residential_196/multi-unit_residential_196_0_msrgb.jpg,Hosted-Datasets/fmow/fmow-rgb/val/multi-unit_residential/multi-unit_residential_196/multi-unit_residential_196_0_msrgb.json,Hosted-Datasets/fmow/fmow-rgb/val/multi-unit_residential/multi-unit_residential_196/multi-unit_residential_196_0_rgb.jpg,Hosted-Datasets/fmow/fmow-rgb/val/multi-unit_residential/multi-unit_residential_196/multi-unit_residential_196_0_rgb.json
Hosted-Datasets/fmow/fmow-rgb/val/recreational_facility/recreational_facility_520/recreational_facility_520_4_msrgb.jpg,Hosted-Datasets/fmow/fmow-rgb/val/recreational_facility/recreational_facility_520/recreational_facility_520_4_msrgb.json,Hosted-Datasets/fmow/fmow-rgb/val/recreational_facility/recreational_facility_520/recreational_facility_520_4_rgb.jpg,Hosted-Datasets/fmow/fmow-rgb/val/recreational_facility/recreational_facility_520/recreational_facility_520_4_rgb.json
Hosted-Datasets/fmow/fmow-rgb/val/electric_substation/electric_substation_27/electric_substation_27_5_msrgb.jpg,Hosted-Datasets/fmow/fmow-rgb/val/electric_substation/electric_substation_27/electric_substation_27_5_msrgb.json,Hosted-Datasets/fmow/fmow-rgb/val/electric_substation/electric_substation_27/electric_substation_27_5_rgb.jpg,Hosted-Datasets/fmow/fmow-rgb/val/electric_substation/electric_substation_27/electric_substation_27_5_rgb.json
Hosted-Datasets/fmow/fmow-rgb/val/surface_mine/surface_mine_223/surface_mine_223_1_msrgb.jpg,Hosted-Datasets/fmow/fmow-rgb/val/surface_mine/surface_mine_223/surface_mine_223_1_msrgb.json,Hosted-Datasets/fmow/fmow-rgb/val/surface_mine/surface_mine_223/surface_mine_223_1_rgb.jpg,Hosted-Datasets/fmow/fmow-rgb/val/surface_mine/surface_mine_223/surface_mine_223_1_rgb.json
Hosted-Datasets/fmow/fmow-rgb/val/burial_site/burial_site_70/burial_site_70_5_msrgb.jpg,Hosted-Datasets/fmow/fmow-rgb/val/burial_site/burial_site_70/burial_site_70_5_msrgb.json,Hosted-Datasets/fmow/fmow-rgb/val/burial_site/burial_site_70/burial_site_70_5_rgb.jpg,Hosted-Datasets/fmow/fmow-rgb/val/burial_site/burial_site_70/burial_site_70_5_rgb.json
Hosted-Datasets/fmow/fmow-rgb/val/barn/barn_112/barn_112_0_msrgb.jpg,Hosted-Datasets/fmow/fmow-rgb/val/barn/barn_112/barn_112_0_msrgb.json,Hosted-Datasets/fmow/fmow-rgb/val/barn/barn_112/barn_112_0_rgb.jpg,Hosted-Datasets/fmow/fmow-rgb/val/barn/barn_112/barn_112_0_rgb.json
Hosted-Datasets/fmow/fmow-rgb/val/smokestack/smokestack_79/smokestack_79_3_msrgb.jpg,Hosted-Datasets/fmow/fmow-rgb/val/smokestack/smokestack_79/smokestack_79_3_msrgb.json,Hosted-Datasets/fmow/fmow-rgb/val/smokestack/smokestack_79/smokestack_79_3_rgb.jpg,Hosted-Datasets/fmow/fmow-rgb/val/smokestack/smokestack_79/smokestack_79_3_rgb.json
Hosted-Datasets/fmow/fmow-rgb/val/fountain/fountain_24/fountain_24_1_msrgb.jpg,Hosted-Datasets/fmow/fmow-rgb/val/fountain/fountain_24/fountain_24_1_msrgb.json,Hosted-Datasets/fmow/fmow-rgb/val/fountain/fountain_24/fountain_24_1_rgb.jpg,Hosted-Datasets/fmow/fmow-rgb/val/fountain/fountain_24/fountain_24_1_rgb.json
Hosted-Datasets/fmow/fmow-rgb/val/tunnel_opening/tunnel_opening_98/tunnel_opening_98_0_msrgb.jpg,Hosted-Datasets/fmow/fmow-rgb/val/tunnel_opening/tunnel_opening_98/tunnel_opening_98_0_msrgb.json,Hosted-Datasets/fmow/fmow-rgb/val/tunnel_opening/tunnel_opening_98/tunnel_opening_98_0_rgb.jpg,Hosted-Datasets/fmow/fmow-rgb/val/tunnel_opening/tunnel_opening_98/tunnel_opening_98_0_rgb.json
Hosted-Datasets/fmow/fmow-rgb/val/helipad/helipad_71/helipad_71_4_msrgb.jpg,Hosted-Datasets/fmow/fmow-rgb/val/helipad/helipad_71/helipad_71_4_msrgb.json,Hosted-Datasets/fmow/fmow-rgb/val/helipad/helipad_71/helipad_71_4_rgb.jpg,Hosted-Datasets/fmow/fmow-rgb/val/helipad/helipad_71/helipad_71_4_rgb.json
Hosted-Datasets/fmow/fmow-rgb/val/car_dealership/car_dealership_6/car_dealership_6_4_msrgb.jpg,Hosted-Datasets/fmow/fmow-rgb/val/car_dealership/car_dealership_6/car_dealership_6_4_msrgb.json,Hosted-Datasets/fmow/fmow-rgb/val/car_dealership/car_dealership_6/car_dealership_6_4_rgb.jpg,Hosted-Datasets/fmow/fmow-rgb/val/car_dealership/car_dealership_6/car_dealership_6_4_rgb.json
Hosted-Datasets/fmow/fmow-rgb/val/fountain/fountain_61/fountain_61_8_msrgb.jpg,Hosted-Datasets/fmow/fmow-rgb/val/fountain/fountain_61/fountain_61_8_msrgb.json,Hosted-Datasets/fmow/fmow-rgb/val/fountain/fountain_61/fountain_61_8_rgb.jpg,Hosted-Datasets/fmow/fmow-rgb/val/fountain/fountain_61/fountain_61_8_rgb.json
Hosted-Datasets/fmow/fmow-rgb/val/crop_field/crop_field_202/crop_field_202_3_msrgb.jpg,Hosted-Datasets/fmow/fmow-rgb/val/crop_field/crop_field_202/crop_field_202_3_msrgb.json,Hosted-Datasets/fmow/fmow-rgb/val/crop_field/crop_field_202/crop_field_202_3_rgb.jpg,Hosted-Datasets/fmow/fmow-rgb/val/crop_field/crop_field_202/crop_field_202_3_rgb.json
Hosted-Datasets/fmow/fmow-rgb/val/office_building/office_building_50/office_building_50_4_msrgb.jpg,Hosted-Datasets/fmow/fmow-rgb/val/office_building/office_building_50/office_building_50_4_msrgb.json,Hosted-Datasets/fmow/fmow-rgb/val/office_building/office_building_50/office_building_50_4_rgb.jpg,Hosted-Datasets/fmow/fmow-rgb/val/office_building/office_building_50/office_building_50_4_rgb.json
Hosted-Datasets/fmow/fmow-rgb/val/ground_transportation_station/ground_transportation_station_75/ground_transportation_station_75_8_msrgb.jpg,Hosted-Datasets/fmow/fmow-rgb/val/ground_transportation_station/ground_transportation_station_75/ground_transportation_station_75_8_msrgb.json,Hosted-Datasets/fmow/fmow-rgb/val/ground_transportation_station/ground_transportation_station_75/ground_transportation_station_75_8_rgb.jpg,Hosted-Datasets/fmow/fmow-rgb/val/ground_transportation_station/ground_transportation_station_75/ground_transportation_station_75_8_rgb.json
Hosted-Datasets/fmow/fmow-rgb/val/place_of_worship/place_of_worship_276/place_of_worship_276_9_msrgb.jpg,Hosted-Datasets/fmow/fmow-rgb/val/place_of_worship/place_of_worship_276/place_of_worship_276_9_msrgb.json,Hosted-Datasets/fmow/fmow-rgb/val/place_of_worship/place_of_worship_276/place_of_worship_276_9_rgb.jpg,Hosted-Datasets/fmow/fmow-rgb/val/place_of_worship/place_of_worship_276/place_of_worship_276_9_rgb.json
Hosted-Datasets/fmow/fmow-rgb/val/single-unit_residential/single-unit_residential_211/single-unit_residential_211_1_msrgb.jpg,Hosted-Datasets/fmow/fmow-rgb/val/single-unit_residential/single-unit_residential_211/single-unit_residential_211_1_msrgb.json,Hosted-Datasets/fmow/fmow-rgb/val/single-unit_residential/single-unit_residential_211/single-unit_residential_211_1_rgb.jpg,Hosted-Datasets/fmow/fmow-rgb/val/single-unit_residential/single-unit_residential_211/single-unit_residential_211_1_rgb.json
Hosted-Datasets/fmow/fmow-rgb/val/multi-unit_residential/multi-unit_residential_41/multi-unit_residential_41_5_msrgb.jpg,Hosted-Datasets/fmow/fmow-rgb/val/multi-unit_residential/multi-unit_residential_41/multi-unit_residential_41_5_msrgb.json,Hosted-Datasets/fmow/fmow-rgb/val/multi-unit_residential/multi-unit_residential_41/multi-unit_residential_41_5_rgb.jpg,Hosted-Datasets/fmow/fmow-rgb/val/multi-unit_residential/multi-unit_residential_41/multi-unit_residential_41_5_rgb.json
Hosted-Datasets/fmow/fmow-rgb/val/educational_institution/educational_institution_118/educational_institution_118_11_msrgb.jpg,Hosted-Datasets/fmow/fmow-rgb/val/educational_institution/educational_institution_118/educational_institution_118_11_msrgb.json,Hosted-Datasets/fmow/fmow-rgb/val/educational_institution/educational_institution_118/educational_institution_118_11_rgb.jpg,Hosted-Datasets/fmow/fmow-rgb/val/educational_institution/educational_institution_118/educational_institution_118_11_rgb.json
Hosted-Datasets/fmow/fmow-rgb/val/multi-unit_residential/multi-unit_residential_81/multi-unit_residential_81_8_msrgb.jpg,Hosted-Datasets/fmow/fmow-rgb/val/multi-unit_residential/multi-unit_residential_81/multi-unit_residential_81_8_msrgb.json,Hosted-Datasets/fmow/fmow-rgb/val/multi-unit_residential/multi-unit_residential_81/multi-unit_residential_81_8_rgb.jpg,Hosted-Datasets/fmow/fmow-rgb/val/multi-unit_residential/multi-unit_residential_81/multi-unit_residential_81_8_rgb.json
Hosted-Datasets/fmow/fmow-rgb/val/multi-unit_residential/multi-unit_residential_11/multi-unit_residential_11_0_msrgb.jpg,Hosted-Datasets/fmow/fmow-rgb/val/multi-unit_residential/multi-unit_residential_11/multi-unit_residential_11_0_msrgb.json,Hosted-Datasets/fmow/fmow-rgb/val/multi-unit_residential/multi-unit_residential_11/multi-unit_residential_11_0_rgb.jpg,Hosted-Datasets/fmow/fmow-rgb/val/multi-unit_residential/multi-unit_residential_11/multi-unit_residential_11_0_rgb.json
Hosted-Datasets/fmow/fmow-rgb/val/fire_station/fire_station_132/fire_station_132_0_msrgb.jpg,Hosted-Datasets/fmow/fmow-rgb/val/fire_station/fire_station_132/fire_station_132_0_msrgb.json,Hosted-Datasets/fmow/fmow-rgb/val/fire_station/fire_station_132/fire_station_132_0_rgb.jpg,Hosted-Datasets/fmow/fmow-rgb/val/fire_station/fire_station_132/fire_station_132_0_rgb.json
Hosted-Datasets/fmow/fmow-rgb/val/solar_farm/solar_farm_57/solar_farm_57_0_msrgb.jpg,Hosted-Datasets/fmow/fmow-rgb/val/solar_farm/solar_farm_57/solar_farm_57_0_msrgb.json,Hosted-Datasets/fmow/fmow-rgb/val/solar_farm/solar_farm_57/solar_farm_57_0_rgb.jpg,Hosted-Datasets/fmow/fmow-rgb/val/solar_farm/solar_farm_57/solar_farm_57_0_rgb.json
Hosted-Datasets/fmow/fmow-rgb/val/ground_transportation_station/ground_transportation_station_185/ground_transportation_station_185_1_msrgb.jpg,Hosted-Datasets/fmow/fmow-rgb/val/ground_transportation_station/ground_transportation_station_185/ground_transportation_station_185_1_msrgb.json,Hosted-Datasets/fmow/fmow-rgb/val/ground_transportation_station/ground_transportation_station_185/ground_transportation_station_185_1_rgb.jpg,Hosted-Datasets/fmow/fmow-rgb/val/ground_transportation_station/ground_transportation_station_185/ground_transportation_station_185_1_rgb.json
Hosted-Datasets/fmow/fmow-rgb/val/surface_mine/surface_mine_149/surface_mine_149_0_msrgb.jpg,Hosted-Datasets/fmow/fmow-rgb/val/surface_mine/surface_mine_149/surface_mine_149_0_msrgb.json,Hosted-Datasets/fmow/fmow-rgb/val/surface_mine/surface_mine_149/surface_mine_149_0_rgb.jpg,Hosted-Datasets/fmow/fmow-rgb/val/surface_mine/surface_mine_149/surface_mine_149_0_rgb.json
Hosted-Datasets/fmow/fmow-rgb/val/stadium/stadium_72/stadium_72_9_msrgb.jpg,Hosted-Datasets/fmow/fmow-rgb/val/stadium/stadium_72/stadium_72_9_msrgb.json,Hosted-Datasets/fmow/fmow-rgb/val/stadium/stadium_72/stadium_72_9_rgb.jpg,Hosted-Datasets/fmow/fmow-rgb/val/stadium/stadium_72/stadium_72_9_rgb.json
Hosted-Datasets/fmow/fmow-rgb/val/single-unit_residential/single-unit_residential_52/single-unit_residential_52_9_msrgb.jpg,Hosted-Datasets/fmow/fmow-rgb/val/single-unit_residential/single-unit_residential_52/single-unit_residential_52_9_msrgb.json,Hosted-Datasets/fmow/fmow-rgb/val/single-unit_residential/single-unit_residential_52/single-unit_residential_52_9_rgb.jpg,Hosted-Datasets/fmow/fmow-rgb/val/single-unit_residential/single-unit_residential_52/single-unit_residential_52_9_rgb.json
Hosted-Datasets/fmow/fmow-rgb/val/burial_site/burial_site_99/burial_site_99_0_msrgb.jpg,Hosted-Datasets/fmow/fmow-rgb/val/burial_site/burial_site_99/burial_site_99_0_msrgb.json,Hosted-Datasets/fmow/fmow-rgb/val/burial_site/burial_site_99/burial_site_99_0_rgb.jpg,Hosted-Datasets/fmow/fmow-rgb/val/burial_site/burial_site_99/burial_site_99_0_rgb.json
Hosted-Datasets/fmow/fmow-rgb/val/runway/runway_38/runway_38_5_msrgb.jpg,Hosted-Datasets/fmow/fmow-rgb/val/runway/runway_38/runway_38_5_msrgb.json,Hosted-Datasets/fmow/fmow-rgb/val/runway/runway_38/runway_38_5_rgb.jpg,Hosted-Datasets/fmow/fmow-rgb/val/runway/runway_38/runway_38_5_rgb.json
Hosted-Datasets/fmow/fmow-rgb/val/single-unit_residential/single-unit_residential_198/single-unit_residential_198_2_msrgb.jpg,Hosted-Datasets/fmow/fmow-rgb/val/single-unit_residential/single-unit_residential_198/single-unit_residential_198_2_msrgb.json,Hosted-Datasets/fmow/fmow-rgb/val/single-unit_residential/single-unit_residential_198/single-unit_residential_198_2_rgb.jpg,Hosted-Datasets/fmow/fmow-rgb/val/single-unit_residential/single-unit_residential_198/single-unit_residential_198_2_rgb.json
Hosted-Datasets/fmow/fmow-rgb/val/educational_institution/educational_institution_196/educational_institution_196_10_msrgb.jpg,Hosted-Datasets/fmow/fmow-rgb/val/educational_institution/educational_institution_196/educational_institution_196_10_msrgb.json,Hosted-Datasets/fmow/fmow-rgb/val/educational_institution/educational_institution_196/educational_institution_196_10_rgb.jpg,Hosted-Datasets/fmow/fmow-rgb/val/educational_institution/educational_institution_196/educational_institution_196_10_rgb.json
Hosted-Datasets/fmow/fmow-rgb/val/recreational_facility/recreational_facility_127/recreational_facility_127_7_msrgb.jpg,Hosted-Datasets/fmow/fmow-rgb/val/recreational_facility/recreational_facility_127/recreational_facility_127_7_msrgb.json,Hosted-Datasets/fmow/fmow-rgb/val/recreational_facility/recreational_facility_127/recreational_facility_127_7_rgb.jpg,Hosted-Datasets/fmow/fmow-rgb/val/recreational_facility/recreational_facility_127/recreational_facility_127_7_rgb.json
Hosted-Datasets/fmow/fmow-rgb/val/swimming_pool/swimming_pool_91/swimming_pool_91_6_msrgb.jpg,Hosted-Datasets/fmow/fmow-rgb/val/swimming_pool/swimming_pool_91/swimming_pool_91_6_msrgb.json,Hosted-Datasets/fmow/fmow-rgb/val/swimming_pool/swimming_pool_91/swimming_pool_91_6_rgb.jpg,Hosted-Datasets/fmow/fmow-rgb/val/swimming_pool/swimming_pool_91/swimming_pool_91_6_rgb.json
